INSERT INTO WAKA_ADMIN_PERMISSION (ADMIN_PERMISSION_ID, DESCRIPTION, NAME, TYPE, IS_PARENT) VALUES (-1,'Default Permission','PERMISSION_OTHER_DEFAULT', 'OTHER', FALSE);

-- Admin User
INSERT INTO WAKA_ADMIN_PERMISSION (ADMIN_PERMISSION_ID, DESCRIPTION, NAME, TYPE, IS_PARENT) VALUES (-26,'用户读取','PERMISSION_READ_ADMIN_USER', 'READ', FALSE);
INSERT INTO WAKA_ADMIN_PERMISSION (ADMIN_PERMISSION_ID, DESCRIPTION, NAME, TYPE, IS_PARENT) VALUES (-27,'用户列表','PERMISSION_ALL_ADMIN_USER', 'ALL', FALSE);
INSERT INTO WAKA_ADMIN_PERMISSION_ENTITY (ADMIN_PERMISSION_ENTITY_ID, ENTITY_NAME, ADMIN_PERMISSION_ID) VALUES (-720, 'AdminUser', -26);
INSERT INTO WAKA_ADMIN_PERMISSION_ENTITY (ADMIN_PERMISSION_ENTITY_ID, ENTITY_NAME, ADMIN_PERMISSION_ID) VALUES (-721, 'AdminUser', -27);

-- Admin Roles
INSERT INTO WAKA_ADMIN_PERMISSION (ADMIN_PERMISSION_ID, DESCRIPTION, NAME, TYPE, IS_PARENT) VALUES (-46,'角色读取','PERMISSION_READ_ADMIN_ROLES', 'READ', FALSE);
INSERT INTO WAKA_ADMIN_PERMISSION (ADMIN_PERMISSION_ID, DESCRIPTION, NAME, TYPE, IS_PARENT) VALUES (-47,'角色列表','PERMISSION_ALL_ADMIN_ROLES', 'ALL', FALSE); 
INSERT INTO WAKA_ADMIN_PERMISSION_ENTITY (ADMIN_PERMISSION_ENTITY_ID, ENTITY_NAME, ADMIN_PERMISSION_ID) VALUES (-970, 'AdminRole', -46);
INSERT INTO WAKA_ADMIN_PERMISSION_ENTITY (ADMIN_PERMISSION_ENTITY_ID, ENTITY_NAME, ADMIN_PERMISSION_ID) VALUES (-971, 'AdminRole', -47);

-- Admin Permissions
INSERT INTO WAKA_ADMIN_PERMISSION (ADMIN_PERMISSION_ID, DESCRIPTION, NAME, TYPE, IS_PARENT) VALUES (-48,'权限读取','PERMISSION_READ_ADMIN_PERMS', 'READ', FALSE);
INSERT INTO WAKA_ADMIN_PERMISSION (ADMIN_PERMISSION_ID, DESCRIPTION, NAME, TYPE, IS_PARENT) VALUES (-49,'权限列表','PERMISSION_ALL_ADMIN_PERMS', 'ALL', FALSE); 
INSERT INTO WAKA_ADMIN_PERMISSION_ENTITY (ADMIN_PERMISSION_ENTITY_ID, ENTITY_NAME, ADMIN_PERMISSION_ID) VALUES (-980, 'AdminPermission', -48);
INSERT INTO WAKA_ADMIN_PERMISSION_ENTITY (ADMIN_PERMISSION_ENTITY_ID, ENTITY_NAME, ADMIN_PERMISSION_ID) VALUES (-981, 'AdminPermission', -49);
INSERT INTO WAKA_ADMIN_PERMISSION_ENTITY (ADMIN_PERMISSION_ENTITY_ID, ENTITY_NAME, ADMIN_PERMISSION_ID) VALUES (-982, 'AdminPermissionEntity', -48);
INSERT INTO WAKA_ADMIN_PERMISSION_ENTITY (ADMIN_PERMISSION_ENTITY_ID, ENTITY_NAME, ADMIN_PERMISSION_ID) VALUES (-983, 'AdminPermissionEntity', -49);

-- User
INSERT INTO WAKA_ADMIN_PERMISSION (ADMIN_PERMISSION_ID, DESCRIPTION, NAME, TYPE, IS_PARENT) VALUES (-120,'用户查看','PERMISSION_USER_VIEW', 'READ', TRUE);
INSERT INTO WAKA_ADMIN_PERMISSION_XREF (ADMIN_PERMISSION_ID, CHILD_PERMISSION_ID) VALUES (-120, -26);
INSERT INTO WAKA_ADMIN_PERMISSION_XREF (ADMIN_PERMISSION_ID, CHILD_PERMISSION_ID) VALUES (-120, -46);
INSERT INTO WAKA_ADMIN_PERMISSION_XREF (ADMIN_PERMISSION_ID, CHILD_PERMISSION_ID) VALUES (-120, -48);
INSERT INTO WAKA_ADMIN_PERMISSION (ADMIN_PERMISSION_ID, DESCRIPTION, NAME, TYPE, IS_PARENT) VALUES (-121,'用户维护','PERMISSION_USER_ALL', 'ALL', TRUE);
INSERT INTO WAKA_ADMIN_PERMISSION_XREF (ADMIN_PERMISSION_ID, CHILD_PERMISSION_ID) VALUES (-121, -27);
INSERT INTO WAKA_ADMIN_PERMISSION_XREF (ADMIN_PERMISSION_ID, CHILD_PERMISSION_ID) VALUES (-121, -46);
INSERT INTO WAKA_ADMIN_PERMISSION_XREF (ADMIN_PERMISSION_ID, CHILD_PERMISSION_ID) VALUES (-121, -48);

-- role
INSERT INTO WAKA_ADMIN_PERMISSION (ADMIN_PERMISSION_ID, DESCRIPTION, NAME, TYPE, IS_PARENT) VALUES (-140,'角色查看','PERMISSION_ROLE_VIEW', 'READ', TRUE);
INSERT INTO WAKA_ADMIN_PERMISSION_XREF (ADMIN_PERMISSION_ID, CHILD_PERMISSION_ID) VALUES (-140, -46);
INSERT INTO WAKA_ADMIN_PERMISSION_XREF (ADMIN_PERMISSION_ID, CHILD_PERMISSION_ID) VALUES (-140, -48);
INSERT INTO WAKA_ADMIN_PERMISSION (ADMIN_PERMISSION_ID, DESCRIPTION, NAME, TYPE, IS_PARENT) VALUES (-141,'角色维护','PERMISSION_ROLE_ALL', 'ALL', TRUE);
INSERT INTO WAKA_ADMIN_PERMISSION_XREF (ADMIN_PERMISSION_ID, CHILD_PERMISSION_ID) VALUES (-141, -47);
INSERT INTO WAKA_ADMIN_PERMISSION_XREF (ADMIN_PERMISSION_ID, CHILD_PERMISSION_ID) VALUES (-141, -48);

-- permission
INSERT INTO WAKA_ADMIN_PERMISSION (ADMIN_PERMISSION_ID, DESCRIPTION, NAME, TYPE, IS_PARENT) VALUES (-150,'权限查看','PERMISSION_PERM_VIEW', 'READ', TRUE);
INSERT INTO WAKA_ADMIN_PERMISSION_XREF (ADMIN_PERMISSION_ID, CHILD_PERMISSION_ID) VALUES (-150, -48);
INSERT INTO WAKA_ADMIN_PERMISSION (ADMIN_PERMISSION_ID, DESCRIPTION, NAME, TYPE, IS_PARENT) VALUES (-151,'权限维护','PERMISSION_PERM_ALL', 'ALL', TRUE);
INSERT INTO WAKA_ADMIN_PERMISSION_XREF (ADMIN_PERMISSION_ID, CHILD_PERMISSION_ID) VALUES (-151, -49);
